"MetaboAnalyst_ID","t.stat","p.value","X.log10.p.","FDR","shared_name"
"237/744.5554mz/7.26min",-10.413,0.00048032,3.3185,0.11912,"237"
"294/744.555mz/7.68min",-8.5803,0.0010135,2.9942,0.12567,"294"
"401/100.9337mz/8.46min",6.8685,0.0023534,2.6283,0.18631,"401"
"455/607.4695mz/8.96min",6.4319,0.003005,2.5221,0.18631,"455"
"99/426.9678mz/4.98min",4.8544,0.0083128,2.0803,0.41231,"99"
"425/717.5791mz/8.72min",3.9008,0.017529,1.7562,0.72453,"425"
"356/660.4613mz/8.1min",2.9521,0.041884,1.378,0.94561,"356"
"321/100.9337mz/7.94min",2.9489,0.042014,1.3766,0.94561,"321"
"90/229.9645mz/4.74min",2.9163,0.043402,1.3625,0.94561,"90"
