"","FC","log2(FC)","raw.pval","-log10(p)"
"184/228.1605mz/4.03min",0.45701,-1.1297,0.019362,1.7131
