"","FC","log2(FC)","raw.pval","-log10(p)"
"204/151.0401mz/3.83min",6.8139,2.7685,0.00091252,3.0398
"489/100.9337mz/8.54min",2.3217,1.2152,0.0061182,2.2134
