"MetaboAnalyst_ID","t.stat","p.value","X.log10.p.","FDR","shared_name"
"115/316.2117mz/2.58min",9.8206,0.00060278,3.2198,0.2047,"115"
"123/316.2118mz/2.74min",9.2343,0.00076441,3.1167,0.2047,"123"
"962/629.4941mz/8.24min",8.7424,0.00094332,3.0253,0.2047,"962"
"127/272.1856mz/2.82min",4.3198,0.012449,1.9049,0.99109,"127"
"956/550.4463mz/8.21min",-3.596,0.022839,1.6413,0.99109,"956"
"224/415.2113mz/5.64min",3.0844,0.036774,1.4345,0.99109,"224"
