"","FC","log2(FC)","raw.pval","-log10(p)"
"962/629.4941mz/8.24min",0.17786,-2.4912,0.00094332,3.0253
